{"stats":{"minecraft:dropped":{"minecraft:oak_fence_gate":1,"minecraft:redstone_lamp":1,"minecraft:spruce_planks":1,"minecraft:redstone":2},"minecraft:used":{"minecraft:redstone_torch":172,"minecraft:glass":18,"minecraft:lever":49,"minecraft:writable_book":113,"minecraft:black_wool":2,"minecraft:lava_bucket":13,"minecraft:red_wool":162,"minecraft:iron_block":98,"minecraft:redstone":1001,"minecraft:lime_wool":183,"minecraft:oak_sign":2,"minecraft:green_wool":30,"minecraft:chest":1,"minecraft:sandstone":311,"minecraft:cherry_sign":176,"minecraft:diamond_ore":32,"minecraft:glow_ink_sac":154,"minecraft:barrel":2,"minecraft:white_wool":165,"minecraft:light_gray_wool":45,"minecraft:orange_stained_glass":14,"minecraft:glow_item_frame":10,"minecraft:diamond_block":304,"minecraft:repeater":123,"minecraft:redstone_lamp":154,"minecraft:comparator":30,"minecraft:magenta_wool":239,"minecraft:emerald_block":90,"minecraft:written_book":1,"minecraft:light_blue_wool":789,"minecraft:white_stained_glass":56,"minecraft:lapis_block":65,"minecraft:orange_wool":324,"minecraft:gold_block":558,"minecraft:red_dye":1,"minecraft:gray_wool":69,"minecraft:light_blue_stained_glass":142},"minecraft:custom":{"minecraft:time_since_rest":596402,"minecraft:sprint_one_cm":122205,"minecraft:walk_one_cm":162594,"minecraft:drop":5,"minecraft:fly_one_cm":15170947,"minecraft:open_barrel":12,"minecraft:crouch_one_cm":2738,"minecraft:play_time":689890,"minecraft:deaths":2,"minecraft:sneak_time":34247,"minecraft:jump":1408,"minecraft:leave_game":29,"minecraft:time_since_death":596375,"minecraft:total_world_time":831774},"minecraft:picked_up":{"minecraft:redstone_lamp":1,"minecraft:redstone":2,"minecraft:spruce_planks":1,"minecraft:oak_fence_gate":1}},"DataVersion":3465}