{"stats":{"minecraft:used":{"minecraft:redstone_torch":87,"minecraft:glass":18,"minecraft:netherite_block":10,"minecraft:lever":132,"minecraft:writable_book":111,"minecraft:black_wool":19,"minecraft:lava_bucket":13,"minecraft:iron_block":320,"minecraft:oak_button":1,"minecraft:brown_wool":74,"minecraft:redstone":620,"minecraft:brown_stained_glass":3,"minecraft:lime_wool":291,"minecraft:stone_button":14,"minecraft:oak_sign":2,"minecraft:chest":1,"minecraft:sandstone":467,"minecraft:cherry_sign":101,"minecraft:diamond_ore":32,"minecraft:glow_ink_sac":78,"minecraft:barrel":2,"minecraft:white_wool":132,"minecraft:light_gray_wool":4,"minecraft:orange_stained_glass":10,"minecraft:glow_item_frame":10,"minecraft:repeater":127,"minecraft:diamond_block":108,"minecraft:redstone_lamp":181,"minecraft:target":4,"minecraft:comparator":33,"minecraft:written_book":1,"minecraft:emerald_block":84,"minecraft:iron_trapdoor":9,"minecraft:lime_stained_glass":74,"minecraft:light_blue_wool":267,"minecraft:lapis_block":41,"minecraft:orange_wool":89,"minecraft:gold_block":611,"minecraft:red_dye":1},"minecraft:picked_up":{"minecraft:wooden_axe":2,"minecraft:lime_wool":1,"minecraft:stick":1,"minecraft:sandstone":1,"minecraft:lever":1,"minecraft:spruce_planks":1,"minecraft:iron_block":1,"minecraft:oak_fence_gate":1,"minecraft:lime_stained_glass":1},"minecraft:custom":{"minecraft:time_since_rest":607846,"minecraft:sprint_one_cm":203525,"minecraft:walk_one_cm":198674,"minecraft:drop":10,"minecraft:fly_one_cm":8992763,"minecraft:open_barrel":12,"minecraft:crouch_one_cm":2927,"minecraft:play_time":701334,"minecraft:deaths":2,"minecraft:sneak_time":25802,"minecraft:jump":2305,"minecraft:leave_game":77,"minecraft:time_since_death":607819,"minecraft:total_world_time":935100},"minecraft:dropped":{"minecraft:iron_block":1,"minecraft:oak_fence_gate":1,"minecraft:lever":1,"minecraft:spruce_planks":1,"minecraft:wooden_axe":2,"minecraft:lime_stained_glass":1,"minecraft:lime_wool":1,"minecraft:sandstone":1,"minecraft:stick":1}},"DataVersion":3465}