{"stats":{"minecraft:custom":{"minecraft:time_since_rest":605319,"minecraft:sprint_one_cm":202817,"minecraft:walk_one_cm":197013,"minecraft:drop":10,"minecraft:fly_one_cm":8936323,"minecraft:open_barrel":12,"minecraft:crouch_one_cm":2927,"minecraft:play_time":698807,"minecraft:deaths":2,"minecraft:sneak_time":25802,"minecraft:jump":2296,"minecraft:leave_game":76,"minecraft:time_since_death":605292,"minecraft:total_world_time":931544},"minecraft:dropped":{"minecraft:iron_block":1,"minecraft:oak_fence_gate":1,"minecraft:lever":1,"minecraft:spruce_planks":1,"minecraft:wooden_axe":2,"minecraft:lime_stained_glass":1,"minecraft:lime_wool":1,"minecraft:sandstone":1,"minecraft:stick":1},"minecraft:used":{"minecraft:redstone_torch":87,"minecraft:glass":18,"minecraft:netherite_block":10,"minecraft:lever":131,"minecraft:writable_book":111,"minecraft:black_wool":19,"minecraft:lava_bucket":13,"minecraft:iron_block":320,"minecraft:oak_button":1,"minecraft:brown_wool":74,"minecraft:redstone":620,"minecraft:brown_stained_glass":3,"minecraft:lime_wool":291,"minecraft:stone_button":9,"minecraft:oak_sign":2,"minecraft:chest":1,"minecraft:sandstone":467,"minecraft:cherry_sign":101,"minecraft:diamond_ore":32,"minecraft:glow_ink_sac":78,"minecraft:barrel":2,"minecraft:white_wool":132,"minecraft:light_gray_wool":4,"minecraft:orange_stained_glass":10,"minecraft:glow_item_frame":10,"minecraft:repeater":127,"minecraft:diamond_block":108,"minecraft:redstone_lamp":181,"minecraft:target":4,"minecraft:comparator":33,"minecraft:written_book":1,"minecraft:emerald_block":84,"minecraft:iron_trapdoor":9,"minecraft:lime_stained_glass":74,"minecraft:light_blue_wool":267,"minecraft:lapis_block":41,"minecraft:gold_block":611,"minecraft:orange_wool":89,"minecraft:red_dye":1},"minecraft:picked_up":{"minecraft:wooden_axe":2,"minecraft:lime_wool":1,"minecraft:stick":1,"minecraft:sandstone":1,"minecraft:lever":1,"minecraft:spruce_planks":1,"minecraft:oak_fence_gate":1,"minecraft:iron_block":1,"minecraft:lime_stained_glass":1}},"DataVersion":3465}