{"stats":{"minecraft:dropped":{"minecraft:wooden_axe":1},"minecraft:custom":{"minecraft:time_since_rest":151294,"minecraft:open_chest":1,"minecraft:crouch_one_cm":835,"minecraft:sprint_one_cm":116598,"minecraft:play_time":151294,"minecraft:walk_one_cm":126193,"minecraft:sneak_time":5818,"minecraft:drop":1,"minecraft:jump":1745,"minecraft:leave_game":16,"minecraft:time_since_death":151294,"minecraft:climb_one_cm":1033,"minecraft:total_world_time":426966,"minecraft:interact_with_crafting_table":1,"minecraft:fly_one_cm":1656267,"minecraft:open_barrel":8},"minecraft:picked_up":{"minecraft:wooden_axe":1},"minecraft:used":{"minecraft:glass":10,"minecraft:glow_item_frame":7,"minecraft:lava_bucket":1,"minecraft:writable_book":47,"minecraft:diamond_block":26,"minecraft:repeater":20,"minecraft:redstone_lamp":5,"minecraft:comparator":1,"minecraft:azalea_leaves":13,"minecraft:magenta_wool":12,"minecraft:emerald_block":2,"minecraft:grass_block":1,"minecraft:redstone":71,"minecraft:lime_wool":69,"minecraft:gold_block":292,"minecraft:sandstone":126,"minecraft:cherry_sign":3,"minecraft:diamond_ore":59,"minecraft:barrel":7}},"DataVersion":3465}